,EnVyUs,TSM,fnatic,Virtus.pro,Natus Vincere,NiP,G2,Cloud9,Luminosity,CLG,Titan,Dignitas,mousesports,Liquid,FlipSid3,E-frag.net,Renegades,Vexed,CSGL,Immunity,Conquest,Winterfox,compLexity,HellRaisers,Enemy,Method,Games Academy,SKDC,Torqued,Nexus,CLG Red,?,SK,OpTic,Splyce,CyberZen,Leader-1,Obey.Alliance,EZG,FaZe,ex-Titan,Gambit,Arcade,Rebels,eXplosive,Quest,FLuffy Gangsters,Binary Dragons,Astralis,LDLC White,PENTA,TheMongolz,PixelFire,Chiefs,DenDD,Lemondogs,MVP.karnal,Tempo Storm,ALTERNATE aTTaX,Ancient,ENCE,Selfless,gBots,x6tence,Orgless,CPH Wolves,RCTIC,LDLC Blue,Epiphany Bolt,Millenium,noKappa,AGG,NRG,Space Soldiers,Preparation,GODSENT,TYLOO,Orbit,Epsilon,Dobry&Gaming,MK,Publiclir.se,Immortals,Escape,Kinguin,X,Echo Fox,Spirit,VG.CyberZen,Heroic,Crowns,iGame.com,LDLC,Platinium,Vega Squadron,fnatic Academy,North,Rogue,BIG,DarkPassage,Misfits,MVP Project,Singularity,Tricked,Red Reserve,Outlaws,HAVU,passions,Imperial,eXtatus,AVANGAR,100 Thieves,AGO,Seed,Unemployed for Christmas,Sprout,Grayhound,Valiance,Quantum Bellator Fire,Windigo,TeamOne,MVP PK,Fragsters,ORDER,eUnited,MIBR,LeftOut,Ghost
2015-10-01,836,847,952,812,519,443,319,357,243,260,200,287,271,209,215,180,107,107,85,,,,,174,,,,,,,,,,,,,,,,,,,,,,,,,,,,,,,,,,,,,,,,,,,,,,,,,,,,,,,,,,,,,,,,,,,,,,,,,,,,,,,,,,,,,,,,,,,,,,,,,,,,,,,,
2015-10-05,795,902,912,843,454,449,254,294,218,228,175,230,217,187,191,141,106,97,77,40,,,,149,,,,,,,,,,,,,,,,,,,,,,,,,,,,,,,,,,,,,,,,,,,,,,,,,,,,,,,,,,,,,,,,,,,,,,,,,,,,,,,,,,,,,,,,,,,,,,,,,,,,,,,,
2015-10-12,776,889,901,824,415,408,225,270,194,206,175,243,195,189,172,135,108,97,,84,,,,68,,,,,,,,,,,,,,,,,,,,,,,,,,,,,,,,,,,,,,,,,,,,,,,,,,,,,,,,,,,,,,,,,,,,,,,,,,,,,,,,,,,,,,,,,,,,,,,,,,,,,,,,
2015-10-19,790,890,884,813,408,440,213,291,185,212,191,225,203,202,188,125,116,102,,83,,,,85,,,,,,,,,,,,,,,,,,,,,,,,,,,,,,,,,,,,,,,,,,,,,,,,,,,,,,,,,,,,,,,,,,,,,,,,,,,,,,,,,,,,,,,,,,,,,,,,,,,,,,,,
2015-10-26,778,892,888,805,432,440,209,279,175,208,203,214,197,207,183,139,115,102,77,80,,,,,,,,,,,,,,,,,,,,,,,,,,,,,,,,,,,,,,,,,,,,,,,,,,,,,,,,,,,,,,,,,,,,,,,,,,,,,,,,,,,,,,,,,,,,,,,,,,,,,,,,,,,,
2015-11-03,949,821,785,722,598,491,308,273,222,220,201,199,198,196,178,128,106,90,82,66,,,,,,,,,,,,,,,,,,,,,,,,,,,,,,,,,,,,,,,,,,,,,,,,,,,,,,,,,,,,,,,,,,,,,,,,,,,,,,,,,,,,,,,,,,,,,,,,,,,,,,,,,,,,
2015-11-09,949,798,760,837,581,499,301,251,254,214,251,226,295,177,164,131,105,89,79,,130,50,30,,,,,,,,,,,,,,,,,,,,,,,,,,,,,,,,,,,,,,,,,,,,,,,,,,,,,,,,,,,,,,,,,,,,,,,,,,,,,,,,,,,,,,,,,,,,,,,,,,,,,,,,,
2015-11-16,956,800,589,846,585,507,295,364,307,239,251,107,318,260,163,122,115,95,70,,133,50,40,79,40,30,30,20,20,0,0,,,,,,,,,,,,,,,,,,,,,,,,,,,,,,,,,,,,,,,,,,,,,,,,,,,,,,,,,,,,,,,,,,,,,,,,,,,,,,,,,,,,,,,,,,,,,,,,,
2015-11-24,947,888,624,800,759,507,339,374,182,203,234,119,285,327,188,108,164,83,,,127,,,71,,,,,,,,,,,,,,,,,,,,,,,,,,,,,,,,,,,,,,,,,,,,,,,,,,,,,,,,,,,,,,,,,,,,,,,,,,,,,,,,,,,,,,,,,,,,,,,,,,,,,,,,
2015-12-01,904,893,847,796,727,521,332,288,404,191,211,105,256,330,175,94,161,77,,,124,,,72,,,,,,,,,,,,,,,,,,,,,,,,,,,,,,,,,,,,,,,,,,,,,,,,,,,,,,,,,,,,,,,,,,,,,,,,,,,,,,,,,,,,,,,,,,,,,,,,,,,,,,,,
2015-12-08,884,,952,748,732,472,327,274,366,202,207,100,248,297,156,96,146,73,,,106,,,,,,,,,,,800,97,,,,,,,,,,,,,,,,,,,,,,,,,,,,,,,,,,,,,,,,,,,,,,,,,,,,,,,,,,,,,,,,,,,,,,,,,,,,,,,,,,,,,,,,,,,,,,,
2015-12-14,775,,1000,591,726,372,263,213,314,154,155,84,185,249,124,75,115,,,,97,,,51,,,,,,,,701,77,,,,,,,,,,,,,,,,,,,,,,,,,,,,,,,,,,,,,,,,,,,,,,,,,,,,,,,,,,,,,,,,,,,,,,,,,,,,,,,,,,,,,,,,,,,,,,,
2015-12-21,767,,1000,585,730,364,261,204,314,122,156,109,161,237,108,74,113,,64,,107,,,,,,,,,,,687,85,,,,,,,,,,,,,,,,,,,,,,,,,,,,,,,,,,,,,,,,,,,,,,,,,,,,,,,,,,,,,,,,,,,,,,,,,,,,,,,,,,,,,,,,,,,,,,,
2015-12-28,760,,1000,570,732,357,260,212,319,122,162,123,161,238,113,78,116,,69,,115,,,,,,,,,,,689,89,,,,,,,,,,,,,,,,,,,,,,,,,,,,,,,,,,,,,,,,,,,,,,,,,,,,,,,,,,,,,,,,,,,,,,,,,,,,,,,,,,,,,,,,,,,,,,,
2016-01-05,757,,1000,571,731,352,260,214,320,121,160,124,163,199,112,78,114,,68,,,,,,,,,,,,,684,90,113,,,,,,,,,,,,,,,,,,,,,,,,,,,,,,,,,,,,,,,,,,,,,,,,,,,,,,,,,,,,,,,,,,,,,,,,,,,,,,,,,,,,,,,,,,,,,,
2016-01-11,745,,1000,556,728,357,251,212,329,120,156,136,150,196,110,83,106,,73,,,40,,,40,,,,,,,691,103,136,30,15,10,5,0,,,,,,,,,,,,,,,,,,,,,,,,,,,,,,,,,,,,,,,,,,,,,,,,,,,,,,,,,,,,,,,,,,,,,,,,,,,,,,,,,,,,,,,,,
2016-01-18,654,,1000,441,729,272,,168,341,99,,102,129,150,87,76,78,61,,,,,,,,20,,,,,,617,75,109,,,,,,215,149,40,20,20,5,5,5,5,,,,,,,,,,,,,,,,,,,,,,,,,,,,,,,,,,,,,,,,,,,,,,,,,,,,,,,,,,,,,,,,,,,,,,,,,,,,,,,,
2016-01-25,649,,1000,427,870,268,,154,456,99,,186,163,143,116,73,63,62,,,,,,40,,,,,,,,,95,111,,25,,,,228,156,,,,,,,,646,30,25,25,25,20,20,10,10,,,,,,,,,,,,,,,,,,,,,,,,,,,,,,,,,,,,,,,,,,,,,,,,,,,,,,,,,,,,,,,,,,,,,,,
2016-02-01,667,,1000,417,881,262,181,154,470,100,,202,199,140,115,87,70,68,,,,,,,,15,,,,,,,93,111,,,,,,230,,,,,,,,,646,25,,,,,,,,,,,25,,,,25,15,15,10,10,0,,,,,,,,,,,,,,,,,,,,,,,,,,,,,,,,,,,,,,,,,,,,,,,,,,,,,,,,,,
2016-02-09,899,,1000,405,902,249,229,182,480,178,,339,207,132,106,71,55,69,,,,,,,,,,,,,,,111,93,,,,,,226,,,,,,,,,713,,,,,,,,,,,,,,,,,,,,,,,,,,,,,,,,,,,,,,,,,,,,,,,,,,,,,,,,,,,,,,,,,,,,,,,,,,,,,,,
2016-02-15,885,,1000,385,893,240,234,211,492,184,,352,304,132,173,121,,68,,,,,,72,,,,,,,,,159,113,,,,,,246,,,,,,,,,720,,,,,,,,,70,,,,,20,0,,,,,,,,,,,,,,,,,,,,,,,,,,,,,,,,,,,,,,,,,,,,,,,,,,,,,,,,,,,,,,,,
2016-02-22,703,,1000,296,722,173,184,133,466,125,,285,178,78,79,71,66,58,31,,,,,60,,,,,,,,,77,64,,34,,,,210,,55,,,,,,,660,,,43,,,,,,33,44,,33,31,40,,,,,,,,,,,,,,,,,,,,,,,,,,,,,,,,,,,,,,,,,,,,,,,,,,,,,,,,,,,,,,,,,
2016-03-01,731,,1000,240,719,181,209,149,429,145,,273,194,97,98,69,65,65,37,,,,,66,,,,,,,,,76,65,60,,,,,191,,83,,,,,,,630,,,41,,,,,,53,44,42,37,37,,,,,,,,,,,,,,,,,,,,,,,,,,,,,,,,,,,,,,,,,,,,,,,,,,,,,,,,,,,,,,,,,,
2016-03-07,485,,1000,228,598,152,154,108,487,104,,199,168,73,72,65,48,47,27,,,,,49,,,,,,,,,45,42,45,,,,,153,,62,,,,,,,576,,,37,,,,,,113,35,30,26,29,,,,,,,,,,,,,,,,,,,,,,,,,,,,,,,,,,,,,,,,,,,,,,,,,,,,,,,,,,,,,,,,,,
2016-03-14,344,,1000,236,591,175,204,114,534,114,,238,195,76,88,75,61,,38,,,,,47,,,,,,,,,58,62,47,,,,,160,,75,,,,,,,608,,,43,,,,,,136,43,43,34,,,,34,,,,,,53,,,,,,,,,,,,,,,,,,,,,,,,,,,,,,,,,,,,,,,,,,,,,,,,,,,,,,,,,
2016-03-21,346,,1000,263,670,185,214,129,507,124,,223,199,84,90,83,59,,44,,,,,49,,,,,,,,,60,59,44,,,,,155,,58,,,,,,,653,,,,,,,,,138,39,50,36,38,,,,,,,,,,58,56,,,,,,,,,,,,,,,,,,,,,,,,,,,,,,,,,,,,,,,,,,,,,,,,,,,,,,,
2016-03-28,339,,1000,259,667,196,207,139,517,124,,223,183,86,93,94,57,,42,,,,,92,,,,,,,,,65,59,45,,,,,154,,59,,,,,,,640,,,,,,,,,134,,47,,47,,,,,,,,,,58,61,43,39,,,,,,,,,,,,,,,,,,,,,,,,,,,,,,,,,,,,,,,,,,,,,,,,,,,,,
2016-04-05,280,,958,307,827,235,200,130,869,179,,179,192,194,94,91,57,,42,,,,,80,,,,,,,,,57,57,41,,,,,107,,85,,,,,,,719,,,,,,,,,130,,41,,52,,,,,,,,,,58,54,43,,,,,,,,38,,,,,,,,,,,,,,,,,,,,,,,,,,,,,,,,,,,,,,,,,,,,,,
2016-04-11,278,,958,307,849,245,153,125,876,180,,201,175,215,81,85,57,,,,,,,89,,,,,,,,,51,57,40,,,,,102,,88,,,,,,,732,,,,,,,,,131,,,,56,,,,,,,,,,60,62,46,40,,,,,,,39,,38,,,,,,,,,,,,,,,,,,,,,,,,,,,,,,,,,,,,,,,,,,,,
2016-04-18,366,,872,360,966,614,156,109,886,211,,258,239,235,98,101,56,,47,,,,,107,,,,,,,,,66,51,51,,,,,105,,103,,,,,,,725,,,,,,,,,153,,,,76,,,,,,,,,,64,75,57,,202,139,,,,,,,,,,,,,,,,,,,,,,,,,,,,,,,,,,,,,,,,,,,,,,,,,,,
2016-04-25,367,,825,370,940,604,155,117,906,186,,252,242,236,72,100,49,,45,,,,,90,,,,,,,,,71,59,50,,,,,133,,63,,,,,,,726,,,,,,,,,142,,,,80,,,,,,,,,,62,72,62,,186,143,,,,,,,,,,,,,,,,,,,,,,,,,,,,,,,,,,,,,,,,,,,,,,,,,,,
2016-05-02,366,,742,394,938,615,167,128,891,203,,285,251,235,78,,57,,64,,,,,181,,,,,,,,,151,104,57,,,,,139,,70,,,,,,,717,,,,,,,,,240,,,,82,,,,,,,,,,67,78,71,,204,154,,,,99,,,,,,,,,,,,,,,,,,,,,,,,,,,,,,,,,,,,,,,,,,,,,,,
2016-05-09,333,,753,387,921,605,134,186,968,207,,243,239,286,69,,71,,57,,,,,194,,,,,,,,,142,71,55,,,,,149,,63,,,,,,,683,,,,,,,,,299,,,,101,,,,,,,,,,64,72,69,,194,165,,,,98,,,,,,,,,,,,,,,,,,,,,,,,,,,,,,,,,,,,,,,,,,,,,,,
2016-05-17,274,,685,312,706,570,310,123,1000,116,,248,180,262,,,56,,,,,,,191,,,,,,,,,109,101,45,,,,,121,,46,,,,,,,529,,,,,,,,,237,,,53,56,,,,,,,,,,53,46,51,,144,128,88,47,,,,,,,,,,,,,,,,,,,,,,,,,,,,,,,,,,,,,,,,,,,,,,,,,
2016-05-23,268,67,678,375,750,560,317,122,1000,110,,171,187,269,,,51,,,,,,,186,,,,,,,,,102,141,47,,,,,129,,46,,,,,48,,388,,,,,,,,,260,,,72,,,,,,,,,,,,47,,,164,131,85,45,96,,,,,,,,,,,,,,,,,,,,,,,,,,,,,,,,,,,,,,,,,,,,,,,,
2016-06-01,267,78,667,353,714,575,370,140,1000,100,,170,181,248,42,,64,,,,,,,188,,,,,,,,,103,147,41,,,,,122,,40,,,,,,42,360,,,,,,,,,,,,73,,,,,,,,,,,,,,,174,133,80,46,92,,,266,,,,,,,,,,,,,,,,,,,,,,,,,,,,,,,,,,,,,,,,,,,,,
2016-06-06,265,80,531,363,715,643,383,146,1000,102,,157,177,250,44,,69,,,,,,,192,,,,,,,,,103,155,43,,,,,118,,,,,,,40,,346,,,,,,,,,,,,82,,,,,,,,,,,,,39,,184,138,80,44,93,,,260,,,,,,,,,,,,,,,,,,,,,,,,,,,,,,,,,,,,,,,,,,,,,
2016-06-13,272,74,523,346,691,581,386,143,1000,109,,187,199,201,74,,68,,,,,,,190,,,,,,,,,107,180,45,,,,,164,,91,,,,,37,,373,,,,,,,,,,,,76,,,,,,,,,,,,,,,160,117,76,41,,,,247,,86,,,,,,,,,,,,,,,,,,,,,,,,,,,,,,,,,,,,,,,,,,,
2016-06-21,275,72,566,335,678,597,391,135,1000,86,,192,189,177,76,,73,,,,,,,169,,,,,,,,,112,171,,,,,,179,,90,,,,,37,,416,,,,,,,,,,,,66,,,,,,,,,,,,,36,,200,117,88,68,,,,355,,84,,,,,,,,,,,,,,,,,,,,,,,,,,,,,,,,,,,,,,,,,,,
2016-06-27,235,187,566,285,609,497,613,177,1000,72,,160,177,222,76,,51,,,26,,,,135,,,,,,,,,58,148,,,,,,160,,82,,,,,,,333,,,,,,,,,,,,55,29,,,,,,,,,,,,,,182,106,67,60,,,,276,,71,,,,,,,,,,,,,,,,,,,,,,,,,,,,,,,,,,,,,,,,,,,
2016-07-04,340,227,627,320,596,596,734,189,,65,,190,209,230,84,,43,,,,,,,108,,,,,,,,,964,188,28,,,,,161,,101,,,,,,,320,,,,,,,,,,,,60,28,,,,,,,,,,,,,,231,115,74,70,,,,312,,86,87,,,,,,,,,,,,,,,,,,,,,,,,,,,,,,,,,,,,,,,,,,
2016-07-11,256,180,615,403,509,422,530,170,,64,,168,179,467,184,,46,,,,,,,80,,,,,,,,,1000,149,29,,,,,175,,188,,,,,,,310,,,,,,,,,,,,45,,,,,,,,,,,,,,,182,93,58,59,,,,247,,79,76,,30,,,,,,,,,,,,,,,,,,,,,,,,,,,,,,,,,,,,,,,,
2016-07-19,213,166,610,376,428,328,506,171,,63,,115,198,272,182,,58,,,,,,,72,,,,,,,,,1000,128,,,,,,184,,182,,,,,,,288,,33,,,,,,,,,,50,,,,,,,,,,,,,,,142,68,,63,,60,,237,,48,38,36,,,,,,,,,,,,,,,,,,,,,,,,,,,,,,,,,,,,,,,,,
2016-07-26,227,159,641,428,458,338,547,159,,,,127,249,315,201,,58,,,,,,,79,,,,,,,,,967,134,,,,,,225,,194,,,,,,,301,,34,,,,,,,,31,,58,,,,,,,,,,,,,,,157,83,,92,,52,,195,,53,78,45,,,,,,,,,,,,,,,,,,,,,,,,,,,,,,,,,,,,,,,,,
2016-08-01,285,168,776,676,538,336,491,207,,,,136,330,310,211,,72,,,,,,,78,,,,,,,,,968,148,,,,,,255,,196,,,,,,,356,,,,,,,,,,39,,50,,,,,,,,,,,,39,,,146,87,,100,,54,,193,,63,92,58,,,,,,,,,,,,,,,,,,,,,,,,,,,,,,,,,,,,,,,,,
2016-08-08,265,169,773,699,381,336,489,196,,,,120,300,311,189,,83,,,,,,,80,,,,,,,,,968,99,,,,,,228,,165,,,,,,,304,,,,,,,,,,,,59,,,,,,,,,,,,,61,,146,70,,113,,53,,210,,66,98,64,42,,,,,,,,,,,,,,,,,,,,,,,,,,,,,,,,,,,,,,,,
2016-08-15,260,183,,687,381,315,471,195,,,,113,296,312,188,,82,,,,,,,73,,,,,,,,,968,98,,,,,,160,,165,,,,,,,284,,,,,,,,,,,,59,,,,,,,,,,,,,62,,381,66,,89,,56,,203,,63,91,71,52,36,,,,,,,,,,,,,,,,,,,,,,,,,,,,,,,,,,,,,,,
2016-08-22,270,87,,726,388,329,346,156,,,,132,205,310,190,,91,,,,,,,83,,,,,,,,,973,79,,,,,,171,,196,,,,,,,292,,,,,,,,,,,,49,,,,,,,,,,,,,79,,398,76,,95,,70,,119,,39,146,63,58,44,,,,,,,,,,,,,,,,,,,,,,,,,,,,,,,,,,,,,,,
2016-08-29,230,86,,752,377,341,373,192,,,,171,221,352,184,,86,,,,,,,85,,,,,,,,,933,96,,,,,,166,,200,,,,,,,334,,,,,,,,,,56,,64,,,,,,,,,,,,,96,,423,83,,85,,123,,138,,,,81,75,,194,71,,,,,,,,,,,,,,,,,,,,,,,,,,,,,,,,,,,,,
2016-09-05,234,95,,697,361,324,375,283,,,,159,213,271,153,,97,,,,,,,92,,,,,,,,,814,113,,,,,,188,,173,,,,,,,348,,,,,,,,,,59,,,,,,,,,,,,,,,90,,368,83,,86,,129,,257,,,,138,64,62,253,68,,,,,,,,,,,,,,,,,,,,,,,,,,,,,,,,,,,,,
2016-09-12,291,79,,587,349,527,562,412,,,,352,179,264,215,,67,,,,,,,98,,,,,,,,,816,112,,,,,,224,,166,,,,,,,410,,,,,,,,,,68,,,,,,,,,,,,,,,85,,380,114,,81,,61,,246,,,,117,62,98,309,63,,,,,,,,,,,,,,,,,,,,,,,,,,,,,,,,,,,,,
2016-09-19,353,90,67,711,333,524,578,501,,,,431,176,268,212,,90,,,,,,,83,,,,,,,,,839,138,,,,,,228,,160,,,,,,,419,,,,,,,,,,68,,,,,,,,,,,,,,73,76,,365,110,,,,,,294,,,,118,58,88,298,60,,,,,,,,,,,,,,,,,,,,,,,,,,,,,,,,,,,,,
2016-09-26,416,86,72,679,334,510,568,504,,,,427,223,260,149,,98,,,,,,,103,,,,,,,,,854,148,,,,,,227,,107,,,,,,,393,,51,,,,,,,,,,,,,,,,,,,,,,78,69,,344,108,,52,,,,264,,,,111,,104,273,55,,,,,,,,,,,,,,,,,,,,,,,,,,,,,,,,,,,,,
2016-10-03,402,59,185,845,732,483,425,475,,,,427,210,456,167,,97,,,,,,51,99,,,,,,,,,871,279,,,,,,220,,101,,,,,,,392,,50,,,,,,,,52,,,,,,,,,,,,,,78,,,293,103,,,,,,264,,,,105,,102,248,56,,,,,,,,,,,,,,,,,,,,,,,,,,,,,,,,,,,,,
2016-10-10,356,57,212,878,726,464,423,470,,,,485,191,466,168,,91,,,,,,,91,,,,,,,,,889,281,,,,,,210,,98,,,,,,,392,,,,,,,,,,,,,,,,,,,,,,,,74,,,311,106,,64,,,,253,,86,,95,,94,224,61,59,,,,,,,,,,,,,,,,,,,,,,,,,,,,,,,,,,,,
2016-10-17,402,,255,898,732,519,486,500,,64,,506,217,453,166,,102,,,,,,,86,,,,,,,,,733,302,,,,,,250,,94,,,,,,,288,,,,,,,,,,60,,,,,,,,,,,,,,87,,,310,109,,71,,,,299,,100,,89,,108,226,,66,,,,,,,,,,,,,,,,,,,,,,,,,,,,,,,,,,,,
2016-10-24,295,48,330,939,711,450,463,379,,49,,778,180,362,130,,76,,,,,,,121,,,,,,,,,749,235,,,,,,169,,70,,,,,,,220,,,,,,,,,,,,,,,,,,,,,,,,68,,,80,84,,63,,,,216,,78,,62,,91,114,,50,,,,,,,,,,,,,,,,,,,,,,,,,,,,,,,,,,,,
2016-11-01,347,,289,866,700,613,458,632,,,,792,354,326,128,,87,,,,,,,115,,,,,,,,,927,260,,,,,,208,,77,,,,,,,181,,,,,,,,,,80,,,,,,,,,,,,,,59,53,,72,117,,67,,,,185,,77,,,,102,109,,,61,55,,,,,,,,,,,,,,,,,,,,,,,,,,,,,,,,,,
2016-11-07,354,,247,909,714,425,441,632,,,,796,355,333,126,,95,,,,,,,164,,,,,,,,,949,272,,,,,,208,,107,,,,,,,178,,,,,,,,,,75,,,,,,,,,,,,,,61,75,,178,115,,104,,,,193,,86,,,,96,107,,,68,58,,,,,,,,,,,,,,,,,,,,,,,,,,,,,,,,,,
2016-11-14,389,,266,905,726,447,477,647,,,,782,349,325,127,,98,,,,,,,176,,,,,,,,,977,360,,,,,,223,,119,,,,,,,188,,,,,,,,,,80,,,,,,,,,,,,,,72,78,,180,151,,82,,,,229,,93,,,,105,146,,,71,62,,,,,,,,,,,,,,,,,,,,,,,,,,,,,,,,,,
2016-11-21,287,,213,703,545,789,425,521,,,,610,218,288,99,,74,,,,,,,115,,,,,,,,,933,276,,,,,,383,,105,,,,,,,365,,,,,,,,,,63,,,,,,,,,,,,,,55,,,141,120,,75,,,,264,,77,,,,75,155,,48,57,47,,,,,,,,,,,,,,,,,,,,,,,,,,,,,,,,,,
2016-11-28,307,,210,692,527,801,453,545,,49,,608,243,275,120,,157,,,,,,,111,,,,,,,,,933,254,,,,,,416,,232,,,,,,,416,,,,,,,,,,55,,,,,,,,,,,,,,,48,,189,125,,99,,,,278,,131,,,,83,173,,49,62,,,,,,,,,,,,,,,,,,,,,,,,,,,,,,,,,,,
2016-12-05,294,47,216,741,534,881,481,568,,,,645,322,272,121,,162,52,,,,,,113,,,,,,,,,828,625,,,,,,563,,238,,,,,,,710,,,,,,,,,,48,,,,,,,,,,,,,,,49,,184,121,,94,,,,300,,116,,,,83,169,,,66,,,,,,,,,,,,,,,,,,,,,,,,,,,,,,,,,,,
2016-12-12,350,,174,686,509,769,376,485,,,,603,279,240,88,,138,41,,,,,,117,,,,,,,,,908,765,,,,,,500,,207,,,,,,,944,,,,,,,,,,42,,,,,,,,,,,,,,,42,,152,105,,96,,,,252,,101,,,,73,141,,40,57,,,,,,,,,,,,,,,,,,,,,,,,,,,,,,,,,,,
2016-12-19,373,,157,623,488,673,391,471,,45,,571,307,241,91,,129,42,,,,,,164,,,,,,,,,885,806,,,,,,538,,206,,,,,,,948,,,,,,,,,,,,,,,,,,,,,,,,,,,217,114,,89,,,,260,,100,,,,65,140,,,51,,70,49,,,,,,,,,,,,,,,,,,,,,,,,,,,,,,,,
2016-12-26,355,,155,624,487,656,391,431,,45,,567,292,239,91,,115,,,,,,,164,,,,,,,,,850,810,,,,,,535,,207,,,,,,,953,,,,,,,,,,,,,,,,,,,,,,,,,,,217,99,,86,,,,262,,102,,,,51,141,,39,41,,70,41,,,,,,,,,,,,,,,,,,,,,,,,,,,,,,,,
2017-01-02,343,,151,609,482,633,380,412,,34,,561,293,235,89,,112,,,,,,,150,,,,,,,,,840,803,,,,,,529,,187,,,,,,,957,,,,,,,,,,,,,,,,,,,,,,,,,,,190,95,,76,,,,254,,98,,,,48,144,,38,34,,66,39,,,,,,,,,,,,,,,,,,,,,,,,,,,,,,,,
2017-01-09,344,,127,553,380,630,376,410,,,,,297,200,100,,114,,,,,,,155,,,,,,,,,805,789,,,,,,553,,187,,,,,,,962,,,,,,,,,,,,,,,,,,,,,,,,,,,201,60,,77,,,,253,,108,,,,49,140,,40,51,,59,40,569,47,,,,,,,,,,,,,,,,,,,,,,,,,,,,,,
2017-01-16,457,,135,611,348,612,368,410,,,,,319,175,166,,132,,,,,,,153,,,,,,,,,773,792,,,,,,519,,209,,,,,,,967,,,,,,,,,,,,,,,,,,,,,,,,,114,,190,73,,101,,,,212,,192,,,,69,134,,80,76,,62,,560,,73,,,,,,,,,,,,,,,,,,,,,,,,,,,,,
2017-01-23,493,,163,659,447,601,390,419,,,,,329,184,168,,119,,,,,,,169,,,,,,,,,815,870,,,,,,563,,194,,,,,,,962,,,,,,,,,,,,,,,,,,,,,,,,,136,,220,86,,113,,,,222,,205,,,,73,142,,100,91,,74,,582,,103,,,,,,,,,,,,,,,,,,,,,,,,,,,,,
2017-01-30,355,,395,705,371,396,251,269,,,,,175,162,118,,84,,,,,,,115,,,,,,,,,703,537,,,,,,456,,252,,,,,,,1000,,,,,,,,,,,,,,,,,,,,,,,,,103,,200,60,,84,,,,138,,149,,,,55,100,,73,65,,56,,410,,73,,,,,,,,,,,,,,,,,,,,,,,,,,,,,
2017-02-06,,,233,724,387,386,209,234,,,,,172,122,124,,89,,,,,,,119,,,,,,,,,531,358,,,,,,467,,273,,,,,,,1000,,,,,,,,,,,,,,,,,,,,,,,,,102,,124,67,,80,,,,118,,165,,,,60,96,,58,63,,61,,420,,76,50,,,,,,,,,,,,,,,,,,,,,,,,,,,,
2017-02-13,57,,249,769,414,361,215,240,,,,,191,142,134,,80,,,,,,,96,,,,,,,,,587,369,,,,,,348,,316,,,,,,,970,,,,,,,,,,,,,,,,,,,,,,,,,110,,123,83,,93,,,,114,,230,,,,,121,,72,92,,49,,336,76,107,,,,,,,,,,,,,,,,,,,,,,,,,,,,,
2017-02-20,40,,214,914,389,373,160,215,,,,,267,104,101,,55,,,,,,,64,,,,,,,,,785,320,,,,,,310,,326,,,,,,,919,,,,,,,,,,,,,,,,,,,,,,,,,59,,90,57,,68,,,,80,,166,,,,,83,,55,58,,,,473,49,74,,39,,,,,,,,,,,,,,,,,,,,,,,,,,,
2017-02-27,42,,216,915,392,288,161,215,,,,,207,103,99,,46,,,,,,,67,,,,,,,,,776,325,,,,,,256,,313,,,,,,,930,,,,,,,,,,,,,,,,,,,,,,,,,64,,87,60,,78,,,,75,,149,,,,,86,,56,60,,,,470,53,78,,42,,,,,,,,,,,,,,,,,,,,,,,,,,,
2017-03-06,41,,213,771,387,229,135,207,,,,,166,87,84,,38,,,,,,,58,,,,,,,,,599,225,,,,,,492,,265,,,,,,,1000,,,,,,,,,,,,,,,,,,,,,,,,,60,,73,50,,66,,,,273,,118,,,,,237,,52,45,,,,408,33,72,,41,,,,,,,,,,,,,,,,,,,,,,,,,,,
2017-03-13,45,,227,801,412,229,109,219,,,,,175,93,61,,42,,,,,,,66,,,,,,,,,623,205,,,,,,507,,263,,,,,,,999,,,,,,,,,,,,,,,,,,,,,,,,,48,,87,38,,56,,,,288,,80,,,,,247,,37,41,,36,,418,,47,,46,,,,,,,,,,,,,,,,,,,,,,,,,,,
2017-03-20,42,,236,775,398,188,110,197,,,,,173,96,60,,49,,,,,,,71,,,,,,,,,602,203,,,,,,504,,245,,,,,,,1000,,,,,,,,,,,,,,,,,,,,,,,,,47,,76,46,,44,,,,299,,77,,,,,231,,,41,,35,36,436,,52,,38,,,,,,,,,,,,,,,,,,,,,,,,,,,
2017-03-27,58,,240,775,446,223,120,231,56,59,,,200,81,60,,55,,,,,,,133,,,,,,,,,639,207,,,,,,526,,239,,,,,,,996,,,,,,,,,,,,,,,,,,,,,,,,59,51,,,59,,,,,,358,,99,,,,,262,,,61,,54,,482,,49,,53,,,,,,,,,,,,,,,,,,,,,,,,,,,
2017-04-03,75,,237,757,422,224,133,247,60,66,,,192,79,68,,60,,,,,,,175,,,,,,,,,618,216,,,,,,523,,248,,,,,,,1000,,,,,,,,,,,,,,,,,,,,,,,,60,82,,70,,,61,,,,343,,96,,,,,251,,60,,,62,,476,,80,,,,,,,,,,,,,,,,,,,,,,,,,,,,,
2017-04-10,,,256,601,442,226,228,186,,136,,,128,55,54,,44,,,,,,,280,,,,,,,,,493,156,,,,,,663,,200,,,,,,,1000,,,,,,,,,,,,,,,,,,,,,,,,39,65,,45,42,,39,,,,259,,63,,,,,199,,,,,42,43,431,,53,,,45,,,,,,,,,,,,,,,,,,,,,,,,,,
2017-04-17,,,269,558,448,222,266,193,,140,,,99,71,55,,50,,,,,,,280,,,,,,,,,460,152,,,,,,692,,185,,,,,,,1000,,,,,,,,,,,,,,,,,,,,,,,,50,66,,60,,,47,,,,281,,69,,,,,207,,,46,,,,410,,69,,,47,65,46,,,,,,,,,,,,,,,,,,,,,,,,
2017-04-24,,,270,537,444,242,279,219,45,149,,,100,105,53,,58,,,,,,,288,,,,,,,,,525,229,,,,,,701,,250,,,,,,,1000,,46,,,,,,,,,,,,,,,,,,,,,,45,64,,67,,,,,,,293,,81,,,,,215,,,57,,,,424,,63,,,,68,50,,,,,,,,,,,,,,,,,,,,,,,,
2017-05-01,66,,285,540,422,248,354,223,56,177,,,137,110,56,,65,,,,,,,304,,,,,,,,,526,247,,,,,,728,,357,,,,,,,947,,60,,,,,,,,,,,,,,,,,,,,,,,58,,76,,,,,,,286,,58,,,,,208,,,55,,,,441,,68,,,,77,60,,,,,,,,,,,,,,,,,,,,,,,,
2017-05-08,52,,241,466,377,237,434,215,54,175,,,199,101,,,82,,,,,,,352,,,,,,,,,730,290,,,,,,838,,331,,,,,,,945,,53,,,89,,,,,,,,,,,,,,,,,,,,46,,56,,,,,,,287,,,,,,,194,,,43,,,,421,,56,,118,,69,78,,,,,,,,,,,,,,,,,,,,,,,,
2017-05-15,79,,249,463,373,233,435,234,49,179,,,196,106,,,83,,,,,,,340,,,,,,,,,713,297,,,,,,821,,330,,,,,,,920,,90,,,91,,,,,,,,,,,,,,,,,,,54,,,70,,,,,,,189,,,,,,,204,,,46,,,,407,,70,,122,,75,76,,,,,,,,,,,,,,,,,,,,,,,,
2017-05-22,73,,242,452,356,208,417,230,50,175,,,196,116,,,85,,,,,,,305,,,,,,,,,699,291,,,,,,843,,325,,,,,,,923,,99,,,90,,,,,,,,,,,,,,,,,,,48,44,,75,,,,,,,185,,,,,,,133,,,,,,,399,,82,,120,,80,67,,,,,,,,,,,,,,,,,,,,,,,,
2017-05-29,72,,253,311,336,199,408,215,,165,,,175,115,,,78,,,,,,,283,,,,,,,,,653,275,,,,,,849,,301,,,,,,,900,,77,,,90,,,,,,,,,,,,,,,,,,,,71,,74,,,,,,,194,,52,,,,,134,,,55,,,,349,,88,,124,,53,56,,,,,,,,,,,,,,,,,,,,,,,,
2017-06-05,169,,256,307,324,186,615,219,,150,,,240,242,,,95,,,,,,,242,,,,,,,,,749,292,,,,,,791,,310,,,,,,,854,,84,,,90,,,,,,,,,,,,,,,,,,,,68,,75,,,,,,,234,,53,,,,,135,,,55,,,,487,,89,,77,,56,54,,,,,,,,,,,,,,,,,,,,,,,,
2017-06-12,196,,263,285,324,185,676,261,53,177,,,256,254,,,99,,,,,,,283,,,,,,,,,830,327,,,,,,785,,353,,,,,,,780,,99,,,104,,,,,,,,,,,,,,,,,,,64,77,,73,54,,,,,,256,,,,,,,118,,,,,,,523,,86,,79,,,,60,,,,,,,,,,,,,,,,,,,,,,,
2017-06-19,203,,347,318,323,119,652,235,,225,,74,260,239,,,93,,,,,,,261,,,,,,,,,876,336,,,,,,763,,320,,,,,,,790,,134,,,101,,,,,,,,,,,,,,,,,,,61,80,,69,56,,,,,,309,,,,,,,104,,,,,,,493,,140,,128,,,,59,,,,,,,,,,,,,,,,,,,,,,,
2017-06-26,152,,269,240,253,92,525,314,,170,,61,188,250,,,77,,,,,,,208,,,,,,,,,989,238,,,,,,766,,234,,,,,,,717,,104,,,84,,,,,,,,,,,,,,,,,,,52,67,,54,,,,,,,228,,,,,,,70,,,,,,,372,,113,,98,,,,54,46,,,,,,,,,,,,,,,,,,,,,,
2017-07-03,191,,300,241,267,98,605,371,,184,,84,229,276,93,,93,,,,,,,216,,,,,,,,,982,224,,,,,,758,,222,,,,,,,718,,164,,,65,,,,,,,,,,,,,,,,,,,,75,,77,64,,,,,,285,,,,,,,78,,,,,97,,408,,181,,89,,,,,,,,,,,,,,,,,,,,,,,,,,,
2017-07-10,119,,209,181,295,185,474,427,,111,,59,200,269,76,,62,,,,,,,128,,,,,,,,,1000,243,,,,,,623,,177,,,,,,,518,,106,,,59,,,,,,,,,,,,,,,,,,,,78,,50,51,,,,,,225,,,,,,,86,,,,,74,,294,,127,,57,,,,,,,,,,,,,,,,,,,,,,,,,,,
2017-07-17,138,,200,186,286,233,468,398,,103,,52,208,256,70,,64,,,,,,,119,,,,,,,,,1000,234,,,,,,588,,190,,,,,,,500,,89,,,58,,,,,,,,,,,,,,,,,,,,71,,,47,,,,,,220,,,,,,,96,,,,,71,,288,,136,,49,,,,76,,,,,,,,,,,,,,,,,,,,,,,
2017-07-24,201,,262,309,277,229,462,396,,103,,53,221,254,111,,90,,,,,,,140,,,,,,,,,1000,220,,,,,,524,,505,,,,,,,607,,111,,,62,,,,,,,,,,,,,,,,,,,,68,,49,,,,,,,411,,,,,,,139,,,,,72,,349,,226,,61,,,,71,,,,,,,,,,,,,,,,,,,,,,,
2017-07-31,168,,258,310,191,233,437,407,,106,,55,207,245,116,,83,,,,,,,142,,,,,,,,,1000,217,,,,,,526,,524,,,,,,,609,,111,,,65,,,,,,,,,,,,,,,,,,,,74,,50,,,,,,,409,,,,,,,135,,,,,75,,320,,231,,62,,,,69,,,,,,,,,,,,,,,,,,,,,,,
2017-08-07,164,,259,313,191,236,410,397,,85,,59,163,239,116,,89,,,,,,,141,,,,,,,,,1000,209,,,,,,441,,525,,,,,,,606,,93,,,65,,,,,,,,,,,,,,,,,,,,74,,46,,,,,,,390,,,,,,,135,,,,,66,,275,,239,,65,,,,72,,,,,,,,,,,,,,,,,,,,,,,
2017-08-14,178,,257,315,236,243,414,412,,79,,54,136,252,118,,89,,,,,,,90,,,,,,,,,1000,168,,,,,,432,,472,,,,,,,600,,87,,,,,,,,,,,,,,,,,,,,,,,75,,47,43,,,,,,397,,,,,,,143,,,,,69,,295,,237,,51,,,,74,,,,,,,,,,,,,,,,,,,,,,,
2017-08-21,244,,204,330,273,271,435,304,,83,,71,165,266,152,,90,,,,,,,104,,,,,,,,,1000,,,,,,,342,,517,,,,,,,634,,103,,,,,,,,,,,,,,,,,,,,,,,91,,,58,,,,,,442,,53,,,,,165,,,,,81,,320,,274,,62,,,,69,,49,,,,,,,,,,,,,,,,,,,,,
2017-08-28,273,,236,337,273,268,434,291,,95,,,148,292,142,,104,,,,,,,111,,,,,,,,,1000,,,,,,,382,,537,,,,,,,634,,86,,,,,,,,,,,,,,,,,,,,,,,118,,,57,,,,,,454,,70,,,,,205,,,,,57,,358,,237,,75,,,,79,,56,,55,,,,,,,,,,,,,,,,,,,
2017-09-04,236,,227,303,306,396,737,252,,90,,,125,236,120,,117,,,,,,,100,,,,,,,,,886,46,,,,,,333,,658,,,,,,,670,,75,,,,,,,,,,,,,,,,,,,,,,,90,,45,,,46,,,,505,,55,,,,,173,,,,,52,,662,,218,,52,,,,,,,75,,,,,,,,,,,,,,,,,,,,
2017-09-11,181,,215,323,305,345,671,269,62,128,,,274,331,107,,110,,,,,,,101,,,,,,,,,890,,,,,,,337,,580,,,,,,,637,,71,,,,,,,,,,,,,,,,,,,,,,,77,,52,,,,,,,519,,60,,,,,148,,,,,47,,666,,213,,54,,,,,,,50,,49,,,,,,,,,,,,,,,,,,
2017-09-18,156,,238,278,307,336,640,341,62,124,,,252,502,76,,99,,,,,,,90,,,,,,,,,886,,,,,,,581,,479,,,,,,,556,,60,,,,,,,,,,,,,,,,,,,,,,,68,,,,,,,,,451,,54,,,,,130,,,,,47,,638,,201,,56,,,,,,,50,,47,43,,,,,,,,,,,,,,,,,
2017-09-25,176,,242,272,319,348,657,374,74,108,,,256,526,100,,101,,,,,,,120,,,,,,,,,896,,,,,,,598,,509,,,,,,,558,,63,,,,,,,,,,,,,,,,,,,,,,57,106,,,,,,,,,,,62,,,,,151,,,54,,53,,635,,209,,62,,,,,,,,,54,49,,,,,,,,,,,,,,,,,
2017-10-02,204,,247,303,356,403,708,414,76,125,,,288,565,113,,117,,,,,,,132,,,,,,,,,905,55,,,,,,615,,578,,,,,,,593,,70,,,,,,,,,,,,,,,,,,,,,,62,121,,54,,,,,,,,,64,,,,,204,,,70,,69,,697,,234,,73,,,,,,,,,,,,,,,,,,,,,,,,,,,
2017-10-09,241,,262,306,364,431,729,426,90,134,,,315,603,101,,132,,,,,,,163,,,,,,,,,925,89,,,,,,647,,580,,,,,,,607,,,,,,,,,,,,,,,,,,,,,,,,77,136,,,,,,,,,,,67,,,,,202,,,91,,61,,698,,246,,79,,,,,,,,,,57,,62,,,,,,,,,,,,,,,
2017-10-16,268,,319,270,302,381,699,487,84,116,,,314,483,84,,105,,,,,,,127,,,,,,,,,759,72,,,,,,985,,508,,,,,,,787,,,,,,,,,,,,,,,,,,,,,,,,59,122,,,,,,,,,,,52,,,,,270,,,57,,78,,746,,205,,70,,,,,,,,,,,,69,58,,,,,,,,,,,,,,
2017-10-23,258,,308,279,252,385,702,557,87,119,,,334,503,82,,131,,,,,,,56,,,,,,,,,756,66,,,,,,991,,516,,,,,,,797,,,,,,,,,,,,,,,,,,,,,,,,54,117,,,,,,,,,,,,,,,,251,,,76,,78,,734,,244,,67,,,,,,,,,,,355,67,63,,,,,,,,,,,,,,
2017-10-30,202,,268,476,201,302,761,472,90,113,,,297,420,57,,118,,,,,,,55,,,,,,,,,881,75,,,,,,873,,298,,,,,,,734,,,,,,,,,,,,,,,,,,,,,,,,55,109,,,,,,,,,,,52,,,,,200,,,74,,70,,588,,163,,,,,,,,,,,,52,212,71,,,,,,,,,,,,,,,
2017-11-06,235,,276,507,199,316,742,483,83,117,,,269,427,60,,184,,,,,,,101,,,,,,,,,867,98,,,,,,876,,301,,,,,,,733,,,,,,,,,,,,,,,,,,,,,,,,55,154,,,,,,,,,,,53,,,,,211,,,107,,72,,566,,156,,106,,,,,,,,,,,191,90,,,,,,,,,,,,,,,
2017-11-13,279,,301,569,212,347,792,568,107,123,,,313,356,,,261,,,,,,65,134,,,,,,,,,916,165,,,,,,900,,317,,,,,,,794,,,,,,,,,,,,,,,,,,,,,,,,96,182,,,,,,,,,,,64,,,,,239,,,114,,75,,597,,153,,129,,,,,,,,,,,201,123,,,,,,,,,,,,,,,
2017-11-20,252,,253,464,181,690,666,590,81,105,,,277,315,,,262,,,,,,58,103,,,,,,,,,885,225,,,,,,971,,326,,,,,,,705,,,,,,,,,,,,,,,,,,,,,,,,76,142,,,,,,,,,,,,,,,,200,,,84,,62,,515,,133,,105,,,,,,,,,,,153,111,57,,,,,,,,,,,,,,
2017-11-27,224,,234,371,176,594,571,494,78,84,,,253,269,,,224,,,,,,58,98,,,,,,,,,975,189,,,,,,903,,272,,,,,,,732,,,,,,,,,,,,,,,,,,,,,,,,65,132,,56,,,,,,,,,,,,,,158,,,68,,69,,476,,111,,94,,,,,,,,,,,133,128,,,,,,,,,,,,,,,
2017-12-04,213,,242,381,212,561,490,510,81,,,,280,269,,,225,,,,,,59,96,,,,,,,,,976,188,,,,,,904,,252,,,,,,,715,,,,,,,,,,,,,,,,,,,,,,,,65,135,,60,,,,,,,,,58,,,,,159,,,,,70,,417,,117,,94,,,,,,,,,,,99,133,,63,,,,,,,,,,,,,
2017-12-11,169,,314,305,172,450,401,405,77,,,,175,209,,,185,,,,,,46,142,,,,,,,,,1000,194,,,,,,817,,206,,,,,,,549,,,,,,,,,,,,,,,,,,,,,,,,89,94,,47,,,,,,,,,44,,,,,133,,,48,,50,,317,,89,,188,,,,,,,,,,,48,93,,,,,,,,,,,,,,,
2017-12-18,175,,377,303,170,459,396,406,79,,,,307,169,,,181,,,,,,43,143,,,,,,,,,1000,218,,,,,,917,,203,,,,,,,592,,,,,,,,,,,,,,,,,,,,,,,,89,97,,42,,,,,,,,,41,,,,,135,,,,,51,,310,,76,,192,,,,,,,,,,,47,102,,,42,,,,,,,,,,,,
2017-12-25,187,,378,267,184,498,353,410,83,,,,325,173,,,185,,,,,,48,158,,,,,,,,,980,229,,,,,,943,,211,,,,,,,582,,,,,,,,,,,,,,,,,,,,,,,,101,99,,55,,,,,,,,,,,,,,153,,,,,59,,307,,80,,211,,,,,,,,,,,46,114,,,49,,46,,,,,,,,,,
2018-01-01,170,,372,252,181,481,354,395,74,,,,328,161,,,150,,,,,,,137,,,,,,,,,994,220,,,,,,944,,209,,,,,,,580,,,,,,,,,,,,,,,,,,,,,,,,107,73,,54,42,,,,,,,,,,,,,153,,,,,61,,306,,78,,185,,,,,,,,,,,46,105,,,47,43,,,,,,,,,,,
2018-01-08,157,,346,239,186,482,346,400,62,,,,326,146,,,123,,,,,,,128,,,,,,,,,998,202,,,,,,946,,222,,,,,,,570,,,,,,,,,,,,,,,,,,,,,,,,100,79,,63,,,,,,,,,,,,,,148,,,,,66,,286,,85,,193,,,,,,,,,,,45,129,,,43,44,42,,,,,,,,,,
2018-01-16,123,,327,245,215,393,358,354,69,,,,335,156,,,122,,,,,,,128,,,,,,,,,1000,174,,,,,,837,,196,,,,,,,497,,,,,,,,,,,,,,,,,,,,,,,,91,116,,63,,,,,,,,,,,,,,100,,,,,113,,246,,82,,175,,,,,,,,,,60,44,109,,,45,,,50,,,,,,,,,
2018-01-23,128,,345,240,219,367,417,372,68,,,,351,158,,,128,,,,,,,108,,,,,,,,,967,176,,,,,,867,,207,,,,,,,461,,,,,,,,,,,,,,,,,,,,,,,,80,117,,,43,,,,,,,,,,,,,91,,,,,115,,236,,76,,154,,,,,,,,,,57,,98,,,46,,,75,49,,,,,,,,
2018-01-29,109,,358,204,287,332,408,609,62,,,,350,145,,,114,,,,,,,99,,,,,,,,,916,159,,,,,,914,,190,,,,,,,407,,,,,,,,,,,,,,,,,,,,,,,,74,119,,,37,,,,,,,,,,,,,82,,,,,121,,171,,75,,140,,,,,,,,,,56,,80,,,43,,,130,41,,,,,,,,
2018-02-05,89,,360,132,317,325,395,681,46,,,,388,170,,,137,,,,,,,105,,,,,,,,,843,150,,,,,,980,,194,,,,,,,350,,,,,,,,,,,,,,,,,,,,,,,,42,140,,,,,,,,,,,,,,41,,115,,,,,144,,140,,46,,119,,,,,,,,,,68,,96,,,45,,,163,49,,,,,,,,
2018-02-12,71,,339,110,300,335,378,745,42,,,,323,314,,,108,,,,,,,100,,,,,55,,,,866,,,,,,,919,,171,,,,,,,325,,,,,,,,,,,,,,,,,,,,,,,,45,127,,39,32,,38,,,,,,,,,,,170,,,,,123,,156,,45,,,,,,,,,,,,73,,78,,,43,,,153,,,,,,,,,
2018-02-19,71,,325,119,338,295,391,751,57,,,,365,331,,,121,,,,,,,120,,,,,59,,,,886,,,,,,,928,,177,,,,,,,367,,,,,,,,,,,,,,,,,,,,,,,,55,131,,47,58,,33,,,,,,,,,,,161,,,,,120,,158,,44,,,,,,,,,,,,75,,80,,,39,,,156,,,,,,,,,
2018-02-26,62,,322,118,562,161,450,723,60,,,,664,517,,,216,,,,,,,146,,,,,59,,,,824,,,,,,,928,,165,,,,,,,375,,,,,,,,,,,,,,,,,,,,,,,,61,146,,52,69,,,,,,,,,,,59,,178,,,,,118,,131,,58,,,,,,,,,,,,72,,107,,,38,,,146,,,,,,,,,
2018-03-05,44,,592,102,503,260,383,706,53,,,,597,558,,,201,,,,,,,135,,,,,52,,,,726,,,,,,,937,,157,,,,,,,461,,,,,,,,,,,,,,,,,,,,,,,,55,122,,38,63,,34,,,,,,,,,58,,176,,,,,102,,163,,58,,,,,,,,,,,,67,,74,,,,,,132,,,,,,,,,
2018-03-12,41,,587,107,516,281,368,704,39,,,,610,589,,,204,,,,,,,114,,,,,56,,,,645,,,,,,,934,,166,,,,,,,480,,,,,,,,,,,,,,,,,,,,,,,,39,128,,54,66,,,,,,,,,,,60,,178,,,,,94,,172,,60,,,,,,,,,,,,70,,73,,,,,,144,39,,,,,,,,
2018-03-19,44,,666,112,534,293,314,749,,,,,605,643,,,210,,,,,,,113,,,,,59,,,,634,,,,,,,903,,165,,,,,,,509,,,,,,,,,,,,,,,,,,,,,,,,64,184,,76,64,,,,,,,,,,,55,,184,,,,,88,,175,,70,,,,,,,,,,,,63,,81,,,,,,128,,82,45,,,,,,
2018-03-26,44,,672,198,543,294,321,694,,,,,687,650,,,215,,,,,,,157,,,,,60,,,,508,,,,,,,893,,161,,,,,,,540,,,,,,,,,,,,,,,,,,,,,,,,85,201,,79,92,,,,,,,,,,,70,,179,,,,,81,,186,,69,,,,,,,,,,,,64,,96,,,,,,123,,73,55,,,,,,
2018-04-02,,,762,237,608,332,367,513,,,,,786,717,,,237,,,,,,,159,,,,,,,,,591,,,,,,,871,,180,,,,,,,626,,,,,,,,,,,,,,,,,,,,,,,,116,227,,94,96,,,,,,,,,,,76,,203,,,,,89,,225,,80,,,,,,,,,,123,,66,,106,,,,,,125,83,77,80,,,,,,
2018-04-09,,,782,257,615,371,378,527,,,,,810,601,,,244,,,,,,,253,,,,,,,,,592,,,,,,,877,,185,,,,,,,651,,,,,,,,,,,,,,,,,,,,,,,,145,257,,116,102,,,,,,,,,,,85,,208,,,,,91,,279,,80,,,,,,,,,,132,,,,122,,,,,,129,96,81,87,105,,,,,
2018-04-16,76,,791,254,620,360,372,652,,,,,799,586,,,244,,,,,,,249,,,,,,,,,584,,,,,,,881,,183,,,,,,,634,,,,,,,,,,,,,,,,,,,,,,,,156,276,,133,99,,,,,,,,,,,88,,205,,,,,,,291,,96,,,,,,,,,,129,,,,123,,,,,,119,106,75,90,111,,,,,
2018-04-23,96,,760,194,739,409,261,598,,,,,670,410,,,188,,,,,,,175,,,,,,,,,461,,,,,,,758,,335,,,,,,,983,,,,,,,,,,,,,,,,,,,,,,,,111,194,,100,76,,,,,,,,,,,58,,148,,,,,,,218,,66,,,,,,,,,,95,,,,88,,,,,57,94,76,,70,81,,,,,
2018-04-30,105,,709,207,747,418,255,508,,,,,674,399,,,192,,,,,,,195,,,,,,,,,427,,,,,,,697,,342,,,,,,,1000,,,,,,,,,,,,,,,,,,,,,,,,154,204,,158,106,,,,,,,,,,,,,135,,,,,,,225,65,63,,,,,,,,,,108,,,,116,,,,,81,61,86,,79,87,,,,,
2018-05-07,83,,604,160,620,328,242,430,,,,,639,321,,,228,,,,,,,154,,,,,,,,,331,,,,,,,839,,264,,,,,,,971,,,,,,,,,,,,,,,,,,,,,,,,132,150,,115,210,,,,,,,,,,,,,105,,,,,,,174,50,,,,,,,,,,,69,,,,93,,,,76,64,,59,,82,71,53,,,,
2018-05-14,90,,595,161,628,349,257,415,,,,,637,299,,,233,,,,,,,158,,,,,,,,,321,,,,,,,843,,272,,,,,,,974,,,,,,,,,,,,,,,,,,,,,,,,123,138,,122,222,,,,,,,,,,,60,,94,,,,,,,178,,69,,,,,,,,,,67,,,,112,,,,79,69,,77,,76,74,,,,,
2018-05-21,81,,455,109,561,258,199,331,,,,,535,397,,,196,,,,,,,154,,,,,,,,,310,93,,,,,,735,,229,,,,,,,1000,,,,,,,,,,,,,,,,,,,,,,,,98,104,,120,162,,,,,,,,,,,,,124,,,,,,,183,,62,,,,,,,,,,53,,,,97,,,,68,,,65,,63,64,,51,,,
2018-05-28,82,,394,101,518,267,166,331,,,,,478,383,,,183,,,,,,,160,,,,,,,,,336,88,,,,,,703,,198,,,,,,,1000,,,,,,,,,,,,,,,,,,,,,,,,91,108,,128,175,,,,,,,,,,,,,118,,,,,,,184,,62,,,,,,,,,,,,76,,102,,,,65,,,55,,61,69,,49,,,
2018-06-04,77,,387,104,683,276,67,308,,,,,536,399,,,198,,,,,,,151,,,,,,,,,373,83,,,,,,710,,194,,,,,,,1000,,,,,,,,,,,,,,,,,,,,,,,,203,126,,142,178,,,,,,,,,,,,,118,,,,,,,246,70,60,,,,,,,,,,,,95,,144,,,,66,,,,,55,63,,55,,,
2018-06-11,,,287,90,574,186,97,223,,,,,447,427,,,169,,,,,,,137,,,,,,,,,326,67,,,,,,566,,164,,,,,,,1000,,,,,,,,,,,,,,,,,,,,,,,,247,95,,111,147,,,,,,,,,,,42,,99,,,,,,,200,54,43,,,,,,,,,,,,79,,123,,,,53,,,46,,42,47,,,,,
2018-06-18,80,,229,159,646,193,105,223,,,,,545,511,,,184,,,,,,,156,,,,,,,,,392,110,,,,,,747,,169,,,,,,,1000,,,,,,,,,,,,,,,,,,,,,,,,281,126,,,190,,,,,,,,,,,,,123,,,,,,,239,61,72,,,,,,125,,,,83,,98,,144,,,,63,,,56,,,,,52,,,
2018-06-25,,,227,155,627,171,100,220,,,,,522,500,,,172,,,,,,,145,,,,,,,,,,109,,,,,,721,,163,,,,,,,1000,,,,,,,,,,,,,,,,,,,,,,,,259,117,,,175,,,,,,,,53,,,,,100,,,,,,,233,54,77,,,,,,100,,,,76,,87,,129,,,,59,,,58,,,,,,380,80,
2018-07-02,,,228,123,676,189,108,224,,,,,429,543,,,167,,,,,,,174,,,,,,,,,,143,,,,,,704,,176,,,,,,,1000,,,,,,,,,,,,66,,,,,,,,,,,,304,136,,,162,,,,,,,,82,,,63,,113,,,,,,,260,,88,,,,,,115,,,,88,,97,,148,,,,,,,76,,,,,,417,96,
2018-07-09,,,270,101,875,152,184,195,,,,,379,444,,,155,,,,,,,135,,,,,,,,,,122,,,,,,724,,147,,,,,,,960,,,,,,,,,,,,130,,,,,,,,,,,,264,113,,,136,,,,,,,,65,,,,,96,,,,,,,244,59,279,,,,,,81,,,,76,,72,,103,,,,,,,47,,,,,,389,82,
2018-07-16,,,275,98,876,161,180,155,,,,,377,412,,,158,,,,,,72,154,,,,,,,,,,110,,,,,,694,,146,,,,,,,932,,,,,,,,,,,,152,,,,,,,,,,,,257,120,,,152,,,,,,,,79,,,,,92,,,,,,,246,75,291,,,,,,86,,,,77,,79,,109,,,,,,,,,,,,,317,91,
2018-07-23,,,265,106,901,181,190,141,,,,,404,460,,,170,,,,,,72,146,,,,,,,,,,147,,,,,,732,,113,,,,,,,923,,,,,,,,,,,,154,,,,,,,,,,,,275,122,,,188,,,,,,,,72,,,,,98,,,,,,,228,77,312,,,,,,94,,,,80,,64,,114,,,,,,,,,,,,,318,81,
2018-07-30,,,253,85,774,137,156,109,,,,,388,503,,,128,,,,,,76,116,,,,,,,,,,134,,,,,,550,,91,,,,,,,1000,,,,,,,,,,,,149,,,,,,,,,,,,195,93,,,149,,,,,,,,72,,,,,78,,,,,,,170,59,277,,,,,,64,,,,78,,,,70,,,59,,,,,,,,,,267,71,
2018-08-06,,,257,110,795,143,159,110,62,,,,396,489,,,131,,,,,,77,124,,,,,,,,,,141,,,,,,557,,116,,,,,,,969,,,,,,,,,,,,141,,,,,,,,,,,,247,85,,,190,,,,,,,,78,,,,,81,,,,,,,176,62,289,,,,,,68,,,,87,,,,,,,62,,,,,,,,,,260,64,
2018-08-13,,,258,100,805,144,164,106,66,,,,362,490,,,126,,,,,,83,131,,,,,,,,,,141,,,,,,482,,109,,,,,,,987,,,,,,,,,,,,145,,,,,,,,,,,,261,75,,,158,,,,,,,,73,,,,,62,,,,,,,173,66,306,,,,,,73,,,,88,,,,64,,,71,,,,,,,,,,261,,
2018-08-20,,,262,93,791,147,168,106,64,,,,369,494,,,129,,,,,,77,131,,,,,,,,,,138,,,,,,462,,114,,,,,,,1000,,,,,,,,,,,,152,,,,,,,,,,,,259,76,,,163,,,,,,,,,,,,,63,,,,,,,182,64,322,,,,,,74,,,,71,,,,76,,,71,,,,,,,66,,,263,,
2018-08-27,,,276,106,843,149,178,114,78,,,,384,498,,,135,,,,,,77,116,,,,,,,,,,102,,,,,,469,,111,,,,,,,1000,,,,,,,,,,,,158,,,,,,,,,,,,272,73,,,164,,,,,,,,85,,,,,,,,,,,,199,83,369,,,,,,,,,,76,,81,,83,,,,,,,,,,71,,70,323,,
2018-09-03,,,220,102,709,271,136,99,81,,,,472,482,,,119,,,,,,70,128,,,,,,,,,,115,,,,,,457,,108,,,,,,,982,,,,,,,,,,,,110,,,,,,,,,,,,243,,,,178,,,,,,,,74,,,,,142,,,,,,,477,70,211,,,,,,,,,,77,,75,,77,,,,,,,,,,76,,,358,,88
2018-09-10,,,223,86,693,329,119,98,,,,,474,536,,,122,,,,,,94,155,,,,,,,,,,133,,,,,,458,,115,,,,,,,1000,,,,,,,,,,,,164,,,,,,,,,,,,227,,,,220,,,,,,,,128,,,,,124,,,,,131,,440,,281,,,,,,,,,,99,,67,,82,,,,,,,,,69,68,,,356,,91
2018-09-17,,,239,90,757,310,149,101,,,,,470,531,,,98,,,,,,125,179,,,,,,,,,,111,,,,,,487,,117,,,,,,,1000,,,,,,,,,,,,148,,,,,,,,,,,,197,,,,212,,,,,,,,131,,,71,,129,,,,,119,,451,,321,,,,,,,,,,100,,,,81,,,,,,,,,69,68,,,397,,89
2018-09-24,,,130,66,734,277,129,87,,,,,326,504,,,83,,,,,,182,212,,,,,,,,,,82,,,,,,413,,92,,,,,,,1000,,,,,,,,,,,,121,,,,,,,,,,,,158,,,,180,,,,,,,,123,,,,,108,,,,,114,,387,,318,,,,,,,,,,69,,61,,69,,,,,,,,,67,60,,,415,,86
